Workbook
Name SHIVAM: Sheet1!$B$42:$F$44

Sheet Sheet1
A1: =[1]Sheet1!A2 -> MARKS | B1: =[1]Sheet1!B2 -> sr.no | C1: =[1]Sheet1!C2 -> NAME OF STUDENT | D1: =[1]Sheet1!D2 -> MOBILE>NO | E1: =[1]Sheet1!E2 -> EMAIL ID | F1: =[1]Sheet1!F2 -> QUALFICATION | G1: =[1]Sheet1!G2 -> STATUS | H1: =[1]Sheet1!H2 -> COURSE
A2: =[1]Sheet1!A3 -> 56 | B2: =[1]Sheet1!B3 -> 1 | C2: =[1]Sheet1!C3 -> DEEPIKA | D2: =[1]Sheet1!D3 -> 9884567845 | E2: =[1]Sheet1!E3 -> DEEPIKA@GMAIL.COM | F2: =[1]Sheet1!F3 -> MBA | G2: =[1]Sheet1!G3 -> NEW | H2: =[1]Sheet1!H3 -> TALLY
A3: 86 | B3: =[1]Sheet1!B4 -> 2 | C3: =[1]Sheet1!C4 -> ADRESH KUMAR | D3: =[1]Sheet1!D4 -> 9884567895 | E3: =[1]Sheet1!E4 -> ADRESH KUMAR@GMAIL.COM | F3: =[1]Sheet1!F4 -> BBA PURSING | G3: =[1]Sheet1!G4 -> OLD | H3: =[1]Sheet1!H4 -> TALLY
A4: =[1]Sheet1!A5 -> 7 | B4: =[1]Sheet1!B5 -> 3 | C4: =[1]Sheet1!C5 -> ANIL KUMAR | D4: =[1]Sheet1!D5 -> 9884567945 | E4: =[1]Sheet1!E5 -> ANIL KUMAR@GMAIL.COM | F4: =[1]Sheet1!F5 -> MCOM | G4: =[1]Sheet1!G5 -> OLD | H4: =[1]Sheet1!H5 -> TALLY
A5: =[1]Sheet1!A6 -> 78 | B5: =[1]Sheet1!B6 -> 4 | C5: =[1]Sheet1!C6 -> TANVI | D5: =[1]Sheet1!D6 -> 9884567995 | E5: =[1]Sheet1!E6 -> TANVI@GMAIL.COM | F5: =[1]Sheet1!F6 -> MBA | G5: =[1]Sheet1!G6 -> NEW | H5: =[1]Sheet1!H6 -> TALLY
A6: =[1]Sheet1!A7 -> 5 | B6: =[1]Sheet1!B7 -> 5 | C6: =[1]Sheet1!C7 -> TARUN | D6: =[1]Sheet1!D7 -> 9884568045 | E6: =[1]Sheet1!E7 -> TARUN@GMAIL.COM | F6: =[1]Sheet1!F7 -> 10+2 | G6: =[1]Sheet1!G7 -> NEW | H6: =[1]Sheet1!H7 -> TALLY
A7: =[1]Sheet1!A8 -> 5 | B7: =[1]Sheet1!B8 -> 6 | C7: =[1]Sheet1!C8 -> NEERU SHARMA | D7: =[1]Sheet1!D8 -> 9884568095 | E7: =[1]Sheet1!E8 -> NEERU SHARMA@GMAIL.COM | F7: =[1]Sheet1!F8 -> MBA | G7: =[1]Sheet1!G8 -> NEW | H7: =[1]Sheet1!H8 -> TALLY
A8: =[1]Sheet1!A9 -> 98 | B8: =[1]Sheet1!B9 -> 7 | C8: =[1]Sheet1!C9 -> AKANSHA | D8: =[1]Sheet1!D9 -> 9884568145 | E8: =[1]Sheet1!E9 -> AKANSHA@GMAIL.COM | F8: =[1]Sheet1!F9 -> BCOM BED | G8: ca
A9: =[1]Sheet1!A10 -> 5 | B9: =[1]Sheet1!B10 -> 8 | C9: =[1]Sheet1!C10 -> MANJOT SINGH | D9: =[1]Sheet1!D10 -> 9884568195 | E9: =[1]Sheet1!E10 -> MANJOT SINGH@GMAIL.COM | F9: =[1]Sheet1!F10 -> BSE.MED,MBA,BCOM | G9: =[1]Sheet1!G10 -> NEW | H9: =[1]Sheet1!H10 -> QUICK BOOK
A10: =[1]Sheet1!A11 -> 54 | B10: =[1]Sheet1!B11 -> 9 | C10: =[1]Sheet1!C11 -> MONIKA | D10: =[1]Sheet1!D11 -> 9884568245 | E10: =[1]Sheet1!E11 -> MONIKA@GMAIL.COM | F10: =[1]Sheet1!F11 -> 10+2 MED | G10: =[1]Sheet1!G11 -> NEW | H10: =[1]Sheet1!H11 -> TALLY
A11: =[1]Sheet1!A12 -> 2 | B11: =[1]Sheet1!B12 -> 10 | C11: =[1]Sheet1!C12 -> CHIRAG SHARMA | D11: =[1]Sheet1!D12 -> 9884568295 | E11: =[1]Sheet1!E12 -> CHIRAG SHARMA@GMAIL.COM | F11: =[1]Sheet1!F12 -> 10+2 ART | G11: =[1]Sheet1!G12 -> NEW | H11: =[1]Sheet1!H12 -> TALLY
A12: =[1]Sheet1!A13 -> 5 | B12: =[1]Sheet1!B13 -> 11 | C12: =[1]Sheet1!C13 -> PARMINDER KAUR | D12: =[1]Sheet1!D13 -> 9884568345 | E12: =[1]Sheet1!E13 -> PARMINDER KAUR@GMAIL.COM | F12: =[1]Sheet1!F13 -> BA MBA PUR | G12: =[1]Sheet1!G13 -> NEW | H12: =[1]Sheet1!H13 -> TALLY
A13: =[1]Sheet1!A14 -> 45 | B13: =[1]Sheet1!B14 -> 12 | C13: =[1]Sheet1!C14 -> AKSHIT AGNIHOTRI | D13: =[1]Sheet1!D14 -> 9884568395 | E13: =[1]Sheet1!E14 -> AKSHIT AGNIHOTRI@GMAIL.COM | F13: =[1]Sheet1!F14 -> 0 | G13: =[1]Sheet1!G14 -> OLD | H13: =[1]Sheet1!H14 -> TALLY | M13: sr.no | N13: 5
M14: LOCATION | N14: =HLOOKUP(HLOOKUP(N13,E19:Q25,1,0),E33:Q35,3,0) -> SHIMLA
E18: MARKS | F18: 56 | G18: YY | H18: 7 | I18: 78 | J18: 5 | K18: 5 | L18: 98 | M18: 5 | N18: 54 | O18: 2 | P18: 5 | Q18: 45
A19: location | E19: sr.no | F19: 1 | G19: 2 | H19: 3 | I19: 4 | J19: 5 | K19: 6 | L19: 7 | M19: 8 | N19: 9 | O19: 10 | P19: 11 | Q19: 12
A20: chandigarh | E20: NAME OF STUDENT | F20: DEEPIKA | G20: ADRESH KUMAR | H20: ANIL KUMAR | I20: TANVI | J20: TARUN | K20: NEERU SHARMA | L20: AKANSHA | M20: MANJOT SINGH | N20: MONIKA | O20: CHIRAG SHARMA | P20: PARMINDER KAUR | Q20: AKSHIT AGNIHOTRI
A21: dharamshala | E21: MOBILE>NO | F21: 9884567845 | G21: 9884567895 | H21: 9884567945 | I21: 9884567995 | J21: 9884568045 | K21: 9884568095 | L21: 9884568145 | M21: 9884568195 | N21: 9884568245 | O21: 9884568295 | P21: 9884568345 | Q21: 9884568395
A22: jadrangal | E22: EMAIL ID | F22: DEEPIKA@GMAIL.COM | G22: ADRESH KUMAR@GMAIL.COM | H22: ANIL KUMAR@GMAIL.COM | I22: TANVI@GMAIL.COM | J22: TARUN@GMAIL.COM | K22: NEERU SHARMA@GMAIL.COM | L22: AKANSHA@GMAIL.COM | M22: MANJOT SINGH@GMAIL.COM | N22: MONIKA@GMAIL.COM | O22: CHIRAG SHARMA@GMAIL.COM | P22: PARMINDER KAUR@GMAIL.COM | Q22: AKSHIT AGNIHOTRI@GMAIL.COM
E23: QUALFICATION | F23: MBA | G23: BBA PURSING | H23: MCOM | I23: MBA | J23: 10+2 | K23: MBA | L23: BCOM BED | M23: BSE.MED,MBA,BCOM | N23: 10+2 MED | O23: 10+2 ART | P23: BA MBA PUR
E24: STATUS | F24: NEW | G24: OLD | H24: OLD | I24: NEW | J24: NEW | K24: NEW | L24: NEW | M24: NEW | N24: NEW | O24: NEW | P24: NEW | Q24: OLD
E25: COURSE | F25: TALLY | G25: TALLY | H25: TALLY | I25: TALLY | J25: TALLY | K25: TALLY | L25: BCA | M25: QUICK BOOK | N25: TALLY | O25: TALLY | P25: TALLY | Q25: TALLY
E28: NAME OF STUDENT | G28: DEEPIKA | I28: NAME OF STUDENT | K28: MANJOT SINGH
E29: QUALFICATION | G29: =HLOOKUP(G28,E20:R25,4,0) -> MBA | I29: STATUS | K29: =HLOOKUP(K28,E20:Q25,5,0) -> NEW
E31: NAME OF STUDENT | G31: TANVI
E32: COURSE | G32: =HLOOKUP(G31,E20:Q25,6,0) -> TALLY
E33: sr.no | F33: 1 | G33: 2 | H33: 3 | I33: 4 | J33: 5 | K33: 6 | L33: 7 | M33: 8 | N33: 9 | O33: 10 | P33: 11 | Q33: 12
E34: NAME OF STUDENT | F34: DEEPIKA | G34: ADRESH KUMAR | H34: ANIL KUMAR | I34: TANVI | J34: TARUN | K34: NEERU SHARMA | L34: AKANSHA | M34: MANJOT SINGH | N34: MONIKA | O34: CHIRAG SHARMA | P34: PARMINDER KAUR | Q34: AKSHIT AGNIHOTRI
E35: LOCATION | F35: CHANDIGARH | G35: DHARAMSHALA | H35: RANITAL | I35: YOL | J35: SHIMLA | K35: DELHI | L35: AMBLA | M35: MOHALI | N35: DHARAMSHALA | O35: YOL | P35: KANGRA | Q35: RANITAL | R35: RANITAL
A38: Dataset
A40: row\col | B40: B1 | C40: C1 | D40: D1 | E40: E1 | F40: F1
A41: 1 | B41: PRICE | C41: 50000 | D41: 20000 | E41: 30000 | F41: 15000
A42: 2 | B42: ID | C42: 101 | D42: 102 | E42: 103 | F42: 104
A43: 3 | B43: PEODUCT | C43: LAPTOP | D43: MOBILE | E43: TABLE | F43: PRINTER
I46: max in HLOOKUP | L46: MIN IN HLOOKUP
B47: ID | C47: 102 | F47: PEODUCT | G47: TABLE | I47: =HLOOKUP(MAX(B41:F41),B41:F43,1,0) -> 50000 | J47: =HLOOKUP(MAX(B41:F41),C41:F43,3,0) -> LAPTOP | L47: =HLOOKUP(MIN(B41:F41),B41:F43,1,0) -> 15000
B48: PEODUCT | C48: =HLOOKUP(C47,B42:F44,2,0) -> MOBILE | F48: PRICE | G48: =HLOOKUP(G47,B43:F44,2,0) -> 0
F50: ID | G50: 103 | I50: 2ND LAGRGEST
B51: ID | C51: 103 | F51: PEODUCT | G51: =(IFERROR(HLOOKUP(G50,SHIVAM,2,0),"NOT FOUND")) -> TABLE | I51: =HLOOKUP(LARGE(B41:F41,2),B41:F43,1,0) -> 30000
B52: PRICE | C52: =HLOOKUP(C51,SHIVAM,3,0) -> 0

Sheet Sheet3
A1: =Sheet1!A1 -> MARKS | B1: =Sheet1!B1 -> sr.no | C1: =Sheet1!C1 -> NAME OF STUDENT | D1: =Sheet1!D1 -> MOBILE>NO | E1: =Sheet1!E1 -> EMAIL ID | F1: =Sheet1!F1 -> QUALFICATION | G1: =Sheet1!G1 -> STATUS | H1: =Sheet1!H1 -> COURSE
A2: =Sheet1!A2 -> 56 | B2: =Sheet1!B2 -> 1 | C2: =Sheet1!C2 -> DEEPIKA | D2: =Sheet1!D2 -> 9884567845 | E2: =Sheet1!E2 -> DEEPIKA@GMAIL.COM | F2: =Sheet1!F2 -> MBA | G2: =Sheet1!G2 -> NEW | H2: =Sheet1!H2 -> TALLY | K2: to do airthmatic oprration without formula we select the operant and copy it thenselect the all cel where you want to perform opertaion click on paste, paste special, add, sub etc
A3: =Sheet1!A3 -> 86 | B3: =Sheet1!B3 -> 2 | C3: =Sheet1!C3 -> ADRESH KUMAR | D3: =Sheet1!D3 -> 9884567895 | E3: =Sheet1!E3 -> ADRESH KUMAR@GMAIL.COM | F3: =Sheet1!F3 -> BBA PURSING | G3: =Sheet1!G3 -> OLD | H3: =Sheet1!H3 -> TALLY
A4: =Sheet1!A4 -> 7 | B4: =Sheet1!B4 -> 3 | C4: =Sheet1!C4 -> ANIL KUMAR | D4: =Sheet1!D4 -> 9884567945 | E4: =Sheet1!E4 -> ANIL KUMAR@GMAIL.COM | F4: =Sheet1!F4 -> MCOM | G4: =Sheet1!G4 -> OLD | H4: =Sheet1!H4 -> TALLY
A5: =Sheet1!A5 -> 78 | B5: =Sheet1!B5 -> 4 | C5: =Sheet1!C5 -> TANVI | D5: =Sheet1!D5 -> 9884567995 | E5: =Sheet1!E5 -> TANVI@GMAIL.COM | F5: =Sheet1!F5 -> MBA | G5: =Sheet1!G5 -> NEW | H5: =Sheet1!H5 -> TALLY | J5: sub without formula | M5: mul without formula | R5: div without formula
A6: =Sheet1!A6 -> 5 | B6: =Sheet1!B6 -> 5 | C6: =Sheet1!C6 -> TARUN | D6: =Sheet1!D6 -> 9884568045 | E6: =Sheet1!E6 -> TARUN@GMAIL.COM | F6: =Sheet1!F6 -> 10+2 | G6: =Sheet1!G6 -> NEW | H6: =Sheet1!H6 -> TALLY | J6: 5 | L6: 2 | M6: 10 | N6: 2 | P6: add without formula | R6: 2.5 | S6: 2
A7: =Sheet1!A7 -> 5 | B7: =Sheet1!B7 -> 6 | C7: =Sheet1!C7 -> NEERU SHARMA | D7: =Sheet1!D7 -> 9884568095 | E7: =Sheet1!E7 -> NEERU SHARMA@GMAIL.COM | F7: =Sheet1!F7 -> MBA | G7: =Sheet1!G7 -> NEW | H7: =Sheet1!H7 -> TALLY | J7: 10 | M7: 20 | P7: 7 | Q7: 2 | R7: 5
A8: =Sheet1!A8 -> 98 | B8: =Sheet1!B8 -> 7 | C8: =Sheet1!C8 -> AKANSHA | D8: =Sheet1!D8 -> 9884568145 | E8: =Sheet1!E8 -> AKANSHA@GMAIL.COM | F8: =Sheet1!F8 -> BCOM BED | G8: =Sheet1!G8 -> ca | H8: =Sheet1!H8 -> 0 | J8: 15 | M8: 30 | P8: 12 | R8: 7.5
A9: =Sheet1!A9 -> 5 | B9: =Sheet1!B9 -> 8 | C9: =Sheet1!C9 -> MANJOT SINGH | D9: =Sheet1!D9 -> 9884568195 | E9: =Sheet1!E9 -> MANJOT SINGH@GMAIL.COM | F9: =Sheet1!F9 -> BSE.MED,MBA,BCOM | G9: =Sheet1!G9 -> NEW | H9: =Sheet1!H9 -> QUICK BOOK | J9: 20 | M9: 40 | P9: 17 | R9: 10
A10: =Sheet1!A10 -> 54 | B10: =Sheet1!B10 -> 9 | C10: =Sheet1!C10 -> MONIKA | D10: =Sheet1!D10 -> 9884568245 | E10: =Sheet1!E10 -> MONIKA@GMAIL.COM | F10: =Sheet1!F10 -> 10+2 MED | G10: =Sheet1!G10 -> NEW | H10: =Sheet1!H10 -> TALLY | J10: 25 | M10: 50 | P10: 22 | R10: 12.5
A11: =Sheet1!A11 -> 2 | B11: =Sheet1!B11 -> 10 | C11: =Sheet1!C11 -> CHIRAG SHARMA | D11: =Sheet1!D11 -> 9884568295 | E11: =Sheet1!E11 -> CHIRAG SHARMA@GMAIL.COM | F11: =Sheet1!F11 -> 10+2 ART | G11: =Sheet1!G11 -> NEW | H11: =Sheet1!H11 -> TALLY | J11: 30 | M11: 60 | P11: 27 | R11: 15
A12: =Sheet1!A12 -> 5 | B12: =Sheet1!B12 -> 11 | C12: =Sheet1!C12 -> PARMINDER KAUR | D12: =Sheet1!D12 -> 9884568345 | E12: =Sheet1!E12 -> PARMINDER KAUR@GMAIL.COM | F12: =Sheet1!F12 -> BA MBA PUR | G12: =Sheet1!G12 -> NEW | H12: =Sheet1!H12 -> TALLY | J12: 35 | M12: 70 | P12: 32 | R12: 17.5
A13: =Sheet1!A13 -> 45 | B13: =Sheet1!B13 -> 12 | C13: =Sheet1!C13 -> AKSHIT AGNIHOTRI | D13: =Sheet1!D13 -> 9884568395 | E13: =Sheet1!E13 -> AKSHIT AGNIHOTRI@GMAIL.COM | F13: =Sheet1!F13 -> 0 | G13: =Sheet1!G13 -> OLD | H13: =Sheet1!H13 -> TALLY | J13: 40 | M13: 80 | P13: 37 | R13: 20
J14: 45 | M14: 90 | P14: 42 | R14: 22.5
J15: 50 | M15: 100 | P15: 47 | R15: 25
P16: 52
